"","stock.id","species","stock.name","lat","lon","ocean.basin","state","begin","end","n.years","max.spawners","max.recruits","source","comments"
"1",1,"Sockeye","Alagnak-Sockeye","58.85","-158.5","BS","AK",NA,NA,0,NA,NA,"Curry Cunningham, 2016, University of Alaska/University of Washington","Poor quality data, suggest do not use"
"2",2,"Sockeye","Atnarko-Sockeye","52.38","-126.78","WC","BC",1987,2011,25,55000,90984,NA,NA
"3",3,"Sockeye","Ayakulik-Sockeye","57.2","-154.54","GOA","AK",1966,2010,45,774328,1786779,"Kevin Schaberg, ADF&G Kodiak, via Rich Brenner",NA
"4",4,"Sockeye","Bear-Sockeye","56.16","-160.45","BS","AK",1981,2010,30,262946,1188080,"Kevin Schaberg, ADF&G Kodiak, via Rich Brenner","Late run"
"5",5,"Sockeye","Black Lake-Sockeye","56.28","-158.64","GOA","AK",1965,2010,46,769464.8943,3347748,"Kevin Schaberg, ADF&G Kodiak, via Rich Brenner","Chignik River Early Run"
"6",6,"Sockeye","Chignik Lake-Sockeye","56.28","-158.64","GOA","AK",1965,2010,46,557174.3431,2279874,"Kevin Schaberg, ADF&G Kodiak, via Rich Brenner","Chignik River Late Run"
"7",7,"Sockeye","Chilkoot-Sockeye","58.92","-135.23","WC","AK",1976,2011,36,103038,421796,"Rich Brenner, 2017, ADF&G, Juneau, AK",NA
"8",8,"Sockeye","Coghill-Sockeye","61.06","-147.94","GOA","AK",1962,2008,47,187263,1251046,"Rich Brenner, 2017, ADF&G, Juneau, AK","Returns are harvested in various districts prior to the Coghill District. Stock-of-origin is estimated based on the timing and location of harvest and, sometimes, from available scale pattern analysis."
"9",9,"Sockeye","Copper-Sockeye","60.46","-144.96","GOA","AK",1961,2010,50,900332.7069,3102759,"Rich Brenner, 2017, ADF&G, Juneau, AK","Used the ""Wild_BY_Return"" worksheet.  Hatchery component of the run was removed by subtracting hatchery salmon post season and assuming age composition matches that of hatchery fish; upper and lower river values combined because runs not identified in harvests. With wild vs. hatchery, and delta vs. upriver components, the Copper River can get really complicated. Also, the Miles Lake sonar cannot distinguish between various species. Thus, Chinook salmon are subtracted from the sonar counts post-season, as are estimates of fish harvest upriver in personal use and subsistence fisheries."
"10",10,"Sockeye","Early Karluk-Sockeye","57.57","-154.45","GOA","AK",1981,2010,30,456842,854227,"Kevin Schaberg, ADF&G Kodiak, via Rich Brenner","Smolts enter ocean at BY+3 or BY+4"
"11",11,"Sockeye","Early Upper Station-Sockeye","57.06","-154.36","GOA","AK",1969,2010,42,170610,294021,"Kevin Schaberg, ADF&G Kodiak, via Rich Brenner","Early run"
"12",12,"Sockeye","Egegik-Sockeye","58.25","-157.38","BS","AK",1963,2011,49,2786925,25731437,"Curry Cunningham, 2016, University of Alaska/University of Washington","All BB tables except Togiak completely redone ~2012 after new genetic analyses on interceptions"
"13",13,"Sockeye","Eshamy-Sockeye","60.47","-147.94","GOA","AK",1964,2006,35,68129,276208.5,"Rich Brenner, 2017, ADF&G, Juneau, AK","the weir was replaced in ~2012 with a video system that has not been entirely successful. Thus, only data until 2012 should be used for brood-year returns."
"14",14,"Sockeye","Fennell-Sockeye","49.12","-123.06","WC","BC",1963,2011,46,15409,78650,"Sue Grant (DFO), Bronwyn McDonald (DFO) and Mike Lapointe (PSC) via Brendan Connors (ESSA Technologies)",NA
"15",15,"Sockeye","Frazer-Sockeye","57.13","-154.04","GOA","AK",1966,2009,44,485835,2227028,"Kevin Schaberg, ADF&G Kodiak, via Rich Brenner",NA
"16",16,"Sockeye","Goodnews-Sockeye","59.11","-161.62","BS","AK",1981,2009,29,127245,136883,"Zachary Liller, ADF&G Research Coordinator for AYK, via Rich Brenner","Middle Fork of Goodnews River was provided to Rich Brenner by Zachary Liller, ADF&G Research Coordinator for AYK (Division of Commercial Fisheries), on 22 August 2017."
"17",17,"Sockeye","Igushik-Sockeye","58.68","-158.8","BS","AK",1963,2012,50,1987530,2810901,"Curry Cunningham, 2016, University of Alaska/University of Washington","All BB tables except Togiak completely redone ~2012 after new genetic analyses on interceptions"
"18",18,"Sockeye","Kasilof-Sockeye","60.39","-151.3","GOA","AK",1968,2010,43,523653,1853442,"Mark Willette, ADF&G, upper Cook Inlet, via Rich Brenner","Age 7 fish starting in 1999 through Age 3 in 2011 use genetic estimates of stock-specific harvests. Age 7 fish starting in 2008 through Age 3 in 2013 use preliminary age composition catch allocation model estimates of stock-specific harvest (see original excel doc for color coding)"
"19",19,"Sockeye","Kenai-Sockeye","60.54","-151.28","GOA","AK",1968,2010,43,2026637,10356626,"Mark Willette, ADF&G, upper Cook Inlet, via Rich Brenner","Age 7 fish starting in 1999 through Age 3 in 2011 use genetic estimates of stock-specific harvests. Age 7 fish starting in 2008 through Age 3 in 2013 use preliminary age composition catch allocation model estimates of stock-specific harvest (see original excel doc for color coding)"
"20",20,"Sockeye","Kvichak-Sockeye","58.85","-157.03","BS","AK",1963,2012,50,24325926,45820685,"Curry Cunningham, 2016, University of Alaska/University of Washington","1980 escapement reduced by 5 million because they died in high water at the falls (G. Ruggerone)"
"21",21,"Sockeye","Late Karluk-Sockeye","57.57","-154.45","GOA","AK",1981,2011,31,831970,1838229,"Kevin Schaberg, ADF&G Kodiak, via Rich Brenner","Smolts enter ocean at BY+3 or BY+4"
"22",22,"Sockeye","Late Upper Station-Sockeye","57.06","-154.36","GOA","AK",1970,2010,41,408409,1675201,"Kevin Schaberg, ADF&G Kodiak, via Rich Brenner","Late run"
"23",23,"Sockeye","Naknek-Sockeye","58.78","-157.08","BS","AK",1963,2012,50,3578508,12744727,"Curry Cunningham, 2016, University of Alaska/University of Washington","All BB tables except Togiak completely redone ~2012 after new genetic analyses on interceptions"
"24",24,"Sockeye","Nass (Meziadin)-Sockeye","54.96","-129.9","WC","BC",1972,2010,39,592118,1825747.805,"Richard Alexander, 2018, LGL via Greg Ruggerone",NA
"25",25,"Sockeye","Nelson-Sockeye","55.96","-161.28","BS","AK",1981,2010,30,480097,1103081,"Kevin Schaberg, ADF&G Kodiak, via Rich Brenner",NA
"26",26,"Sockeye","Nushagak-Sockeye","58.82","-158.49","BS","AK",1963,2012,50,3669136.414,5995145,"Curry Cunningham, 2016, University of Alaska/University of Washington","Excluded Nushagak before 1985 because escapement based on aerial surveys rather than sonar.  Sonar chnaged from Bendix to Didson in recenct years but some standardization."
"27",27,"Sockeye","Owikeno-Sockeye","51.68","-127.25","WC","BC",1987,2010,24,459600,800980,"Karl English (LGL) June 23 2014 via Jim Irvine (DFO)",NA
"28",28,"Sockeye","Redoubt-Sockeye","56.9","-135.33","WC","AK",1982,2010,29,103952.8553,139790,"Rich Brenner, 2017, ADF&G, Juneau, AK","Dominant age classes estimated from escapement age; Used RR 1 sheet."
"29",29,"Sockeye","Speel-Sockeye","57.97","-133.87","WC","AK",NA,NA,0,NA,NA,"Rich Brenner, 2017, ADF&G, Juneau, AK","Dominant age classes estimated from escapement age; missing values present. Sockeye hatchery nearby.  Some hatchery fry stocked.  Therefore excluded Speel"
"30",30,"Sockeye","Togiak-Sockeye","58.95","-160.45","BS","AK",1956,2011,56,526750,1440819,"Greg Buck, 2017, ADFG",NA
"31",31,"Sockeye","Ugashik-Sockeye","57.5","-157.6","BS","AK",1963,2012,50,3335284,8062932,"Curry Cunningham, 2016, University of Alaska/University of Washington","All BB tables except Togiak completely redone ~2012 after new genetic analyses on interceptions"
"32",32,"Sockeye","Washington-Sockeye","47.48","-122.42","WC","WA",1968,2011,44,446816,680509,"Aaron Dufault 2017
Arron Dufault, Washington Department of Fish and Wildlife, Olympia, WA (via G. Ruggerone)","Hatchery component of the run was removed; FW age assumed to be 1.X.  These sockeye grow fast in the lake."
"33",33,"Sockeye","Wood-Sockeye","58.82","-158.62","BS","AK",1963,2012,50,4008102,8408965,"Curry Cunningham, 2016, University of Alaska/University of Washington","All BB tables except Togiak completely redone ~2012 after new genetic analyses on interceptions"
"34",34,"Sockeye","Early Stuart-Sockeye","49.12","-123.06","WC","BC",1948,2015,68,386806,1814783,"Eric Taylor, Pacific Salmon Commission, 2022",NA
"35",35,"Sockeye","Late Stuart-Sockeye","49.12","-123.06","WC","BC",1948,2015,68,1805142,5327124,"Eric Taylor, Pacific Salmon Commission, 2022",NA
"36",36,"Sockeye","Stellako-Sockeye","49.12","-123.06","WC","BC",1948,2015,68,240406,1904124,"Eric Taylor, Pacific Salmon Commission, 2022",NA
"37",37,"Sockeye","Bowron-Sockeye","49.12","-123.06","WC","BC",1948,2015,68,16178,214316,"Eric Taylor, Pacific Salmon Commission, 2022",NA
"38",38,"Sockeye","Raft-Sockeye","49.12","-123.06","WC","BC",1948,2015,68,27668,115396,"Eric Taylor, Pacific Salmon Commission, 2022",NA
"39",39,"Sockeye","Quesnel-Sockeye","49.12","-123.06","WC","BC",1948,2015,68,1740454,12545239,"Eric Taylor, Pacific Salmon Commission, 2022",NA
"40",40,"Sockeye","Chilko-Sockeye","49.12","-123.06","WC","BC",1948,2015,68,1181540,5066618,"Eric Taylor, Pacific Salmon Commission, 2022",NA
"41",41,"Sockeye","Seymour-Sockeye","49.12","-123.06","WC","BC",1948,2015,68,287496,1086668,"Eric Taylor, Pacific Salmon Commission, 2022",NA
"42",42,"Sockeye","Late Shuswap-Sockeye","49.12","-123.06","WC","BC",1948,2015,67,3073220,17571901,"Eric Taylor, Pacific Salmon Commission, 2022",NA
"43",43,"Sockeye","Birkenhead-Sockeye","49.12","-123.06","WC","BC",1948,2015,68,197841,1816442,"Eric Taylor, Pacific Salmon Commission, 2022",NA
"44",44,"Sockeye","Cultus-Sockeye","49.12","-123.06","WC","BC",1948,2015,68,48461,281084,"Eric Taylor, Pacific Salmon Commission, 2022",NA
"45",45,"Sockeye","Portage-Sockeye","49.12","-123.06","WC","BC",1951,2015,62,26699,210984,"Eric Taylor, Pacific Salmon Commission, 2022",NA
"46",46,"Sockeye","Weaver-Sockeye","49.12","-123.06","WC","BC",1966,2015,50,115030,1505995,"Eric Taylor, Pacific Salmon Commission, 2022",NA
"47",47,"Sockeye","North Barriere-Sockeye","49.12","-123.06","WC","BC",1958,2015,53,15409,78650,"Eric Taylor, Pacific Salmon Commission, 2022",NA
"48",48,"Sockeye","Scotch-Sockeye","49.12","-123.06","WC","BC",1948,2015,53,273905,1029951,"Eric Taylor, Pacific Salmon Commission, 2022",NA
"49",49,"Sockeye","Gates-Sockeye","49.12","-123.06","WC","BC",1952,2015,64,26445,319543,"Eric Taylor, Pacific Salmon Commission, 2022",NA
"50",50,"Sockeye","Nadina-Sockeye","49.12","-123.06","WC","BC",1973,2015,43,67127,546597,"Eric Taylor, Pacific Salmon Commission, 2022",NA
"51",51,"Sockeye","Pitt-Sockeye","49.12","-123.06","WC","BC",1948,2015,68,74627,221710,"Eric Taylor, Pacific Salmon Commission, 2022",NA
"52",52,"Sockeye","Harrison-Sockeye","49.12","-123.06","WC","BC",1948,2015,68,399661,1638948,"Eric Taylor, Pacific Salmon Commission, 2022",NA
"53",53,"Sockeye","Misc. Early Shuswap-Sockeye","49.12","-123.06","WC","BC",2004,2015,12,119591,817957,"Eric Taylor, Pacific Salmon Commission, 2022",NA
"54",54,"Sockeye","Misc. Taseko-Sockeye","49.12","-123.06","WC","BC",2013,2015,3,482,754,"Eric Taylor, Pacific Salmon Commission, 2022",NA
"55",55,"Sockeye","Misc. Chilliwack-Sockeye","49.12","-123.06","WC","BC",2004,2015,12,78823,200093,"Eric Taylor, Pacific Salmon Commission, 2022",NA
"56",56,"Sockeye","Misc. Nahatlatch-Sockeye","49.12","-123.06","WC","BC",2003,2015,13,3455,17136,"Eric Taylor, Pacific Salmon Commission, 2022",NA
"57",57,"Sockeye","Misc. N. Thompson Main.-Sockeye","49.12","-123.06","WC","BC",2004,2015,12,47725,135777,"Eric Taylor, Pacific Salmon Commission, 2022",NA
"58",58,"Sockeye","Misc. N. Thompson Tribs.-Sockeye","49.12","-123.06","WC","BC",2004,2015,12,2406,6166,"Eric Taylor, Pacific Salmon Commission, 2022",NA
"59",59,"Sockeye","Misc. Widgeon-Sockeye","49.12","-123.06","WC","BC",2014,2015,2,146,258,"Eric Taylor, Pacific Salmon Commission, 2022",NA
"60",60,"Sockeye","Misc. Harrison/Lillooet-Sockeye","49.12","-123.06","WC","BC",2004,2015,12,11332,32253,"Eric Taylor, Pacific Salmon Commission, 2022",NA
"61",61,"Sockeye","Alastair-Sockeye","54.2237","-129.831","WC","BC",1960,2013,54,79009.10232,72901.1227382758,"Charmaine Carr-Harris, DFO, 2022","Used filtered data - R/S >45 were removed"
"62",62,"Sockeye","Asitka-Sockeye","54.2237","-129.831","WC","BC",2003,2014,11,4831.71143,4046.0677858475,"Charmaine Carr-Harris, DFO, 2022","Used filtered data - R/S >45 were removed"
"63",63,"Sockeye","Babine Early Wild-Sockeye","54.2237","-129.831","WC","BC",1960,2014,55,232802.4918,620769.866018631,"Charmaine Carr-Harris, DFO, 2022","Used filtered data - R/S >45 were removed"
"64",64,"Sockeye","Babine Late Wild-Sockeye","54.2237","-129.831","WC","BC",1960,2014,55,623637.3576,2134103.2562465,"Charmaine Carr-Harris, DFO, 2022","Used filtered data - R/S >45 were removed"
"65",65,"Sockeye","Babine Mid Wild-Sockeye","54.2237","-129.831","WC","BC",1960,2014,55,83150.74848,174897.74789288,"Charmaine Carr-Harris, DFO, 2022","Used filtered data - R/S >45 were removed"
"66",66,"Sockeye","Bear-Skeena-Sockeye","54.2237","-129.831","WC","BC",1960,2014,36,19509.687646,39154.53544586,"Charmaine Carr-Harris, DFO, 2022","Used filtered data - R/S >45 were removed"
"67",67,"Sockeye","Damdochax-Sockeye","54.9898","-130.02","WC","BC",1982,2010,29,15000,35217.5590133761,"Charmaine Carr-Harris, DFO, 2022","Used filtered data - R/S >45 were removed"
"68",68,"Sockeye","Fulton-Sockeye","54.2237","-129.831","WC","BC",1960,2014,55,586507.5059,5285918.26440764,"Charmaine Carr-Harris, DFO, 2022","Used filtered data - R/S >45 were removed"
"69",69,"Sockeye","Johnston-Sockeye","54.2237","-129.831","WC","BC",1967,1997,9,15000,24116.556446436,"Charmaine Carr-Harris, DFO, 2022","Used filtered data - R/S >45 were removed"
"70",70,"Sockeye","Kitsumkalum-Sockeye","54.2237","-129.831","WC","BC",1960,2012,46,49811.45164,59531.174517053,"Charmaine Carr-Harris, DFO, 2022","Used filtered data - R/S >45 were removed"
"71",71,"Sockeye","Kitwanga-Sockeye","54.2237","-129.831","WC","BC",1960,2014,17,20804,23405.8723816149,"Charmaine Carr-Harris, DFO, 2022","Used filtered data - R/S >45 were removed"
"72",72,"Sockeye","Kwinageese-Sockeye","54.9898","-130.02","WC","BC",1982,2013,19,25000,96137.48386604,"Charmaine Carr-Harris, DFO, 2022","Used filtered data - R/S >45 were removed"
"73",73,"Sockeye","Lakelse-Sockeye","54.2237","-129.831","WC","BC",1960,2014,49,87710.20863,90601.1786019374,"Charmaine Carr-Harris, DFO, 2022","Used filtered data - R/S >45 were removed"
"74",74,"Sockeye","Lower Nass Sea & River Type-Sockeye","54.9898","-130.02","WC","BC",1982,2015,34,54927.00841,120276.30052121,"Charmaine Carr-Harris, DFO, 2022","Used filtered data - R/S >45 were removed"
"75",75,"Sockeye","Mcdonell-Sockeye","54.2237","-129.831","WC","BC",1960,2014,35,10000,20797.8564621152,"Charmaine Carr-Harris, DFO, 2022","Used filtered data - R/S >45 were removed"
"76",76,"Sockeye","Morice-Sockeye","54.2237","-129.831","WC","BC",1960,2013,50,47501.36194,117622.938116772,"Charmaine Carr-Harris, DFO, 2022","Used filtered data - R/S >45 were removed"
"77",77,"Sockeye","Motase-Sockeye","54.2237","-129.831","WC","BC",1987,2014,16,2059.428571,1814.2818044037,"Charmaine Carr-Harris, DFO, 2022","Used filtered data - R/S >45 were removed"
"78",78,"Sockeye","Pinkut-Sockeye","54.2237","-129.831","WC","BC",1960,2014,55,302165.9726,2073561.2275372,"Charmaine Carr-Harris, DFO, 2022","Used filtered data - R/S >45 were removed"
"79",79,"Sockeye","Slamgeesh-Sockeye","54.2237","-129.831","WC","BC",2000,2013,14,949,1555.41071384,"Charmaine Carr-Harris, DFO, 2022","Used filtered data - R/S >45 were removed"
"80",80,"Sockeye","Sustut-Sockeye","54.2237","-129.831","WC","BC",1960,2013,25,4991.9999996,8695.61729061943,"Charmaine Carr-Harris, DFO, 2022","Used filtered data - R/S >45 were removed"
"81",81,"Sockeye","Swan/Stephens-Sockeye","54.2237","-129.831","WC","BC",1960,2014,45,82285.377504,142844.4593685,"Charmaine Carr-Harris, DFO, 2022","Used filtered data - R/S >45 were removed"
"82",82,"Sockeye","Upper Nass River Type-Sockeye","54.9898","-130.02","WC","BC",2003,2013,4,1240,1306.07726963518,"Charmaine Carr-Harris, DFO, 2022","Used filtered data - R/S >45 were removed"
"83",83,"Chum","Willapa Bay-Chum","46.3733","123.9575","WC","WA",1968,2005,38,84021,250649,"Jeff Haymes, Washington Department of Fish and Wildlife, Olympia, WA",""
"84",84,"Chum","Grays Harbour-Chum","46.95083","124.0497","WC","WA",1969,2005,35,62175,193488,"Jeff Haymes, Washington Department of Fish and Wildlife, Olympia, WA",""
"85",85,"Chum","S Sound Summer-Chum","47.042","122.835","WC","WA",1968,2004,37,120782,202160,"Jeff Haymes, Washington Department of Fish and Wildlife, Olympia, WA",""
"86",86,"Chum","S Sound Fall-Chum","47.042","122.835","WC","WA",1968,2005,38,367456,1113891,"Jeff Haymes, Washington Department of Fish and Wildlife, Olympia, WA",""
"87",87,"Chum","S Sound Winter-Chum","47.042","122.835","WC","WA",1968,2005,38,187999,350438,"Jeff Haymes, Washington Department of Fish and Wildlife, Olympia, WA",""
"88",88,"Chum","Hood Canal-Chum","47.5644","122.9956","WC","WA",1968,2005,38,251803,638817,"Jeff Haymes, Washington Department of Fish and Wildlife, Olympia, WA",""
"89",89,"Chum","Port Susan-Chum","48.23861","122.3758","WC","WA",1968,2005,38,370502,654809,"Jeff Haymes, Washington Department of Fish and Wildlife, Olympia, WA","Sum of Stillaguamish and Snohomish stocks"
"90",90,"Chum","Skagit-Chum","48.3875","122.3656","WC","WA",1968,2005,38,209478,432486,"Jeff Haymes, Washington Department of Fish and Wildlife, Olympia, WA",""
"91",91,"Chum","Bellingham-Chum","48.775","122.5978","WC","WA",1968,2005,38,104127,175641,"Jeff Haymes, Washington Department of Fish and Wildlife, Olympia, WA","Sum of Nooksack and Samish stocks"
"92",92,"Chum","Fraser-Chum","49.12333","123.0569","WC","BC",1959,1992,33,1295255,2040923.63,"Ryall, P., C. Murray, V. Palermo, D. Bailey, and D. Chen. 1999. Status of Clockwork Chum Salmon Stock and Review of the Clockwork Management Strategy. Technical report, Canadian Department of Fisheries and Oceans, Canadian Stock Assessment Secretariat Research Document 99/169",""
"93",93,"Chum","BC South (no Fraser)-Chum","50.28778","125.2008","WC","BC",1953,2002,50,2106443,3070728,"Pieter Van Will, Fisheries and Oceans Canada (DFO), Port Hardy, BC; Van Will, P., R. Brahniuk, L. Hop Wo, and G. Pestal. 2009. Certification Unit Profile: Inner South Coast Chum Salmon (Excluding Fraser River). Technical report, Canadian Manuscript Report of Fisheries and Aquatic Sciences 2876","Statistical Areas 11-17, 28A, 28B, 29B"
"94",94,"Chum","Area 10-Chum","51.28722","127.6819","WC","BC",1980,2006,27,116347,152308.0141,"David Peacock, Fisheries and Oceans Canada (DFO), Prince Rupert, BC; English, K., T. Mochizuki, and D. Robichaud. 2011. Review of North and Central Coast Salmon Indicator Streams and Estimating Escapement, Catch and Run Size for each Salmon Conservation Unit. Technical report, LGL Limited",""
"95",95,"Chum","Area 9-Chum","51.46556","127.7422","WC","BC",1980,2006,27,307781,473200.6756,"David Peacock, Fisheries and Oceans Canada (DFO), Prince Rupert, BC; English, K., T. Mochizuki, and D. Robichaud. 2011. Review of North and Central Coast Salmon Indicator Streams and Estimating Escapement, Catch and Run Size for each Salmon Conservation Unit. Technical report, LGL Limited",""
"96",96,"Chum","Area 8-Chum","51.62194","127.8289","WC","BC",1980,2006,27,924959,1951049.108,"David Peacock, Fisheries and Oceans Canada (DFO), Prince Rupert, BC; English, K., T. Mochizuki, and D. Robichaud. 2011. Review of North and Central Coast Salmon Indicator Streams and Estimating Escapement, Catch and Run Size for each Salmon Conservation Unit. Technical report, LGL Limited",""
"97",97,"Chum","Area 7-Chum","52.12916","128.380149","WC","BC",1980,2006,27,546200,840036.064,"David Peacock, Fisheries and Oceans Canada (DFO), Prince Rupert, BC; English, K., T. Mochizuki, and D. Robichaud. 2011. Review of North and Central Coast Salmon Indicator Streams and Estimating Escapement, Catch and Run Size for each Salmon Conservation Unit. Technical report, LGL Limited",""
"98",98,"Chum","Area 6-Chum","53.08889","129.1992","WC","BC",1980,2006,27,739347,1355374.895,"David Peacock, Fisheries and Oceans Canada (DFO), Prince Rupert, BC; English, K., T. Mochizuki, and D. Robichaud. 2011. Review of North and Central Coast Salmon Indicator Streams and Estimating Escapement, Catch and Run Size for each Salmon Conservation Unit. Technical report, LGL Limited",""
"99",99,"Chum","Area 5-Chum","53.66302","130.423874","WC","BC",1982,2006,25,30428,50473.29345,"David Peacock, Fisheries and Oceans Canada (DFO), Prince Rupert, BC; English, K., T. Mochizuki, and D. Robichaud. 2011. Review of North and Central Coast Salmon Indicator Streams and Estimating Escapement, Catch and Run Size for each Salmon Conservation Unit. Technical report, LGL Limited",""
"100",100,"Chum","Area 4-Chum","54.247243","130.477433","WC","BC",1982,2006,25,185447,365155.4342,"David Peacock, Fisheries and Oceans Canada (DFO), Prince Rupert, BC; English, K., T. Mochizuki, and D. Robichaud. 2011. Review of North and Central Coast Salmon Indicator Streams and Estimating Escapement, Catch and Run Size for each Salmon Conservation Unit. Technical report, LGL Limited",""
"101",101,"Chum","Area 3-Chum","54.676678","130.502152","WC","BC",1982,2006,25,245592,472071.6747,"David Peacock, Fisheries and Oceans Canada (DFO), Prince Rupert, BC; English, K., T. Mochizuki, and D. Robichaud. 2011. Review of North and Central Coast Salmon Indicator Streams and Estimating Escapement, Catch and Run Size for each Salmon Conservation Unit. Technical report, LGL Limited",""
"102",102,"Chum","Area 2W-Chum","52.988408","132.411026","WC","BC",1980,2006,27,216288,252221.0608,"David Peacock, Fisheries and Oceans Canada (DFO), Prince Rupert, BC; English, K., T. Mochizuki, and D. Robichaud. 2011. Review of North and Central Coast Salmon Indicator Streams and Estimating Escapement, Catch and Run Size for each Salmon Conservation Unit. Technical report, LGL Limited",""
"103",103,"Chum","Area 2E-Chum","53.0175","131.5778","WC","BC",1980,2006,27,485292,1137018.507,"David Peacock, Fisheries and Oceans Canada (DFO), Prince Rupert, BC; English, K., T. Mochizuki, and D. Robichaud. 2011. Review of North and Central Coast Salmon Indicator Streams and Estimating Escapement, Catch and Run Size for each Salmon Conservation Unit. Technical report, LGL Limited",""
"104",104,"Chum","Area 1-Chum","54.071771","132.204764","WC","BC",1980,2006,27,128360,234316.9817,"David Peacock, Fisheries and Oceans Canada (DFO), Prince Rupert, BC; English, K., T. Mochizuki, and D. Robichaud. 2011. Review of North and Central Coast Salmon Indicator Streams and Estimating Escapement, Catch and Run Size for each Salmon Conservation Unit. Technical report, LGL Limited",""
"105",105,"Chum","Kadashan-Chum","57.575","134.75","WC","AK",1969,1984,16,64928,214105,"Steve Heinl, Alaska Department of Fish and Game (ADFG), Ketchikan, AK",""
"106",106,"Chum","Chilkat-Chum","59.201231","135.466669","WC","AK",1994,2005,12,310000,672333.8177,"Steve Heinl, Alaska Department of Fish and Game (ADFG), Ketchikan, AK",""
"107",107,"Chum","East Alsek-Chum","59.434","139.547","WC","AK",1960,1987,21,40000,60214,"Steve Heinl, Alaska Department of Fish and Game (ADFG), Ketchikan, AK",""
"108",108,"Chum","PWS-Chum","60.5","147","GOA","AK",1965,2004,40,491270,4645827,"Botz, J., G. Hollowell, T. Sheridan, R. Brenner, and S. Moffitt. 2012. 2010 Prince William Sound Area Finfish Management Report. Technical report, Fishery Management Report No. 12-06, Alaska Department of Fish and Game",""
"109",109,"Chum","Kamishak-Chum","59.27","154.1175","GOA","AK",1971,2006,34,196900,361995,"Ted Otis, Alaska Department of Fish and Game (ADFG), Homer, AK; Hollowell, G., T. Otis, and E. Ford. 2012. 2011 Lower Cook Inlet area finfish management report. Technical report, Fishery Management Report No. 12-30, Alaska Department of Fish and Game",""
"110",110,"Chum","Outer CIn-Chum","59.38389","150.7528","GOA","AK",1970,2006,37,64200,285493,"Ted Otis, Alaska Department of Fish and Game (ADFG), Homer, AK; Hollowell, G., T. Otis, and E. Ford. 2012. 2011 Lower Cook Inlet area finfish management report. Technical report, Fishery Management Report No. 12-30, Alaska Department of Fish and Game",""
"111",111,"Chum","S CIn-Chum","59.52528","151.48","GOA","AK",1970,2006,37,11400,25720,"Ted Otis, Alaska Department of Fish and Game (ADFG), Homer, AK; Hollowell, G., T. Otis, and E. Ford. 2012. 2011 Lower Cook Inlet area finfish management report. Technical report, Fishery Management Report No. 12-30, Alaska Department of Fish and Game",""
"112",112,"Chum","Upper CIn-Chum","61.271","150.576","GOA","AK",1971,2008,35,34100,55283,"Patrick Shields, Alaska Department of Fish and Game (ADFG), Soldotna, AK",""
"113",113,"Chum","Alitak-Chum","56.88528","154.1217","GOA","AK",1978,2007,30,121900,225103,"Matt Foster, Alaska Department of Fish and Game (ADFG), Kodiak, AK",""
"114",114,"Chum","E Kod-Chum","57.089858","153.187928","GOA","AK",1978,2007,30,328700,574595,"Matt Foster, Alaska Department of Fish and Game (ADFG), Kodiak, AK",""
"115",115,"Chum","SW Kod-Chum","57.264508","154.613211","GOA","AK",1978,2007,30,160339,151012,"Matt Foster, Alaska Department of Fish and Game (ADFG), Kodiak, AK",""
"116",116,"Chum","NE Kod-Chum","57.77889","152.3592","GOA","AK",1978,2007,30,50715,103181,"Matt Foster, Alaska Department of Fish and Game (ADFG), Kodiak, AK",""
"117",117,"Chum","NW Kod-Chum","57.856839","153.882906","GOA","AK",1978,2007,30,417100,729033,"Matt Foster, Alaska Department of Fish and Game (ADFG), Kodiak, AK",""
"118",118,"Chum","Mainland Kod-Chum","58.03333","154.6644","GOA","AK",1978,2007,30,453148,769158,"Matt Foster, Alaska Department of Fish and Game (ADFG), Kodiak, AK",""
"119",119,"Chum","Perryville-Chum","55.85417","159.3314","GOA","AK",1962,2007,46,343200,431794,"Charles Russell, Alaska Department of Fish and Game (ADFG), Kodiak, AK; Owen, D. and D. Sarafin. 1999. Chignik Management Area Annual Finfish Management Report, 1996. Technical report, Regional Information Report No. 4K99-33, Alaska Department of Fish and Game ",""
"120",120,"Chum","W Chig-Chum","56.06667","158.6756","GOA","AK",1962,2007,46,184100,361600,"Charles Russell, Alaska Department of Fish and Game (ADFG), Kodiak, AK; Owen, D. and D. Sarafin. 1999. Chignik Management Area Annual Finfish Management Report, 1996. Technical report, Regional Information Report No. 4K99-33, Alaska Department of Fish and Game ",""
"121",121,"Chum","Central Chig-Chum","56.59639","157.9933","GOA","AK",1962,2007,46,173100,243501,"Charles Russell, Alaska Department of Fish and Game (ADFG), Kodiak, AK; Owen, D. and D. Sarafin. 1999. Chignik Management Area Annual Finfish Management Report, 1996. Technical report, Regional Information Report No. 4K99-33, Alaska Department of Fish and Game ",""
"122",122,"Chum","E Chig-Chum","56.98528","156.5806","GOA","AK",1962,2007,46,406900,457811,"Charles Russell, Alaska Department of Fish and Game (ADFG), Kodiak, AK; Owen, D. and D. Sarafin. 1999. Chignik Management Area Annual Finfish Management Report, 1996. Technical report, Regional Information Report No. 4K99-33, Alaska Department of Fish and Game ",""
"123",123,"Chum","SW-Unimak-Chum","54.5","163.5","BS","AK",1962,2007,46,401650,1272981,"Matt Foster, Alaska Department of Fish and Game (ADFG), Kodiak, AK","Sum of Southwestern and Unimak Districts"
"124",124,"Chum","W-NW AKPen-Chum","54.982","163.37","BS","AK",1962,2007,46,320000,337627,"Matt Foster, Alaska Department of Fish and Game (ADFG), Kodiak, AK","Sum of Dublin, Bechevin & Urilia Bays, Swanson Lagoon"
"125",125,"Chum","E-NW AKPen-Chum","55.3158","162.845","BS","AK",1962,2007,46,427500,646716,"Matt Foster, Alaska Department of Fish and Game (ADFG), Kodiak, AK","Sum of Izembek and Moffet Bay"
"126",126,"Chum","SE-SC AKPen-Chum","55.5","161","BS","AK",1962,2007,46,648200,1278872,"Matt Foster, Alaska Department of Fish and Game (ADFG), Kodiak, AK","Sum of Southeastern and Southcentral Districts"
"127",127,"Chum","N AKPen-Chum","56.46","159.68","BS","AK",1962,2007,46,436400,1023568,"Matt Foster, Alaska Department of Fish and Game (ADFG), Kodiak, AK",""
"128",128,"Chum","Nushagak-Chum","58.622","158.591","BS","AK",1980,2005,25,969000,2004184.829,NA,""
"129",129,"Chum","Togiak-Chum","58.925","160.446","BS","AK",1978,1991,14,415000,1130702.381,NA,""
"130",130,"Chum","Yukon-Chum","62.78","164.96","BS","AK",1974,2001,28,2068000,2812493.734,"Doug Eggers, Alaska Department of Fish and Game (ADFG), Juneau, AK; Fleischman, S. and B. Borba. 2009. Escapement estimation, spawner-recruit analysis, and escapement goal recommendation for fall chum salmon in the Yukon River drainage. Technical report, Fishery Manuscript Series No. 09-08, Alaska Department of Fish and Game","Fall Run"
"131",131,"Chum","Anvik-Chum","62.78","164.96","BS","AK",1972,1993,22,1486182,2215845,"Doug Eggers, Alaska Department of Fish and Game (ADFG), Juneau, AK; Clark, J. and G. Sandone. 2001. Biological escapement goal for Anvik River chum salmon. Technical report, Regional InformationI Report No. 3AO1- 06, Alaska Department of Fish and Game",""
"132",132,"Chum","Andreafsky-Chum","62.78","164.96","BS","AK",1972,2001,30,271000,243988.47,"Doug Eggers, Alaska Department of Fish and Game (ADFG), Juneau, AK; Fleischman, S. and D. Evenson. 2010. Run reconstruction, spawner-recruit analysis, and escapement goal recommendation for summer chum salmon in the east fork of the Andreafsky River. Technical report, Fishery Manuscript Series No. 10-04, Alaska Department of Fish and Game",""
"133",133,"Chum","Norton Sound-Chum","64.52","165.12","BS","AK",1974,1995,22,92107,112461,"Doug Eggers, Alaska Department of Fish and Game (ADFG), Juneau, AK; Clark, J. 2001a. Biological escapement goal for chum salmon in subdistrict one of Norton Sound. Technical report, Regional Information Report No. 3AO1-09, Alaska Department of Fish and Game","District 1"
"134",134,"Chum","Kwiniuk Inlet-Chum","64.72","161.96","BS","AK",1965,1995,31,154910,216334,"Doug Eggers, Alaska Department of Fish and Game (ADFG), Juneau, AK; Clark, J. 2001b. Biological escapement goals for Kwiniuk and Tubutulik chum salmon. Technical report, Regional Infomlation Report No. 3AOI-08, Alaska Department of Fish and Game","Sum of Kwiniuk and Tubutulik Rivers"
"135",135,"Chum","Kotzebue-Chum","66.46","161.91","BS","AK",1962,1997,36,1439252,1468511,"Doug Eggers, Alaska Department of Fish and Game (ADFG), Juneau, AK; Eggers, D. and J. Clark. 2006. Assessment of historical runs and escapement goals for Kotzebue area chum salmon. Technical report, Fishery Manuscript No. 06-01, Alaska Department of Fish and Game ",""
"136",136,"Pink","Puyallup-Pink","47.26972","122.4272","WC","WA",1959,2007,25,417767,1324533,"Jeff Haymes, Washington Department of Fish and Wildlife, Olympia, WA",""
"137",137,"Pink","Hood Canal-Pink","47.5644","122.9956","WC","WA",1959,2007,25,503000,901536,"Jeff Haymes, Washington Department of Fish and Wildlife, Olympia, WA","Sum of Dosewallips, Duckabush, and Hamma Hamma"
"138",138,"Pink","Snohomish-Pink","48.02139","122.2072","WC","WA",1959,2007,25,1392568,2403012,"Jeff Haymes, Washington Department of Fish and Wildlife, Olympia, WA",""
"139",139,"Pink","Dungeness-Pink","48.1508","123.1333","WC","WA",1959,2007,25,4e+05,638063,"Jeff Haymes, Washington Department of Fish and Wildlife, Olympia, WA",""
"140",140,"Pink","Stillaguamish-Pink","48.23861","122.3758","WC","WA",1959,2007,25,774279,2287066,"Jeff Haymes, Washington Department of Fish and Wildlife, Olympia, WA",""
"141",141,"Pink","Skagit-Pink","48.3875","122.3656","WC","WA",1959,2007,25,1190000,5008208,"Jeff Haymes, Washington Department of Fish and Wildlife, Olympia, WA",""
"142",142,"Pink","Nooksack-Pink","48.775","122.5978","WC","WA",1959,2007,25,226000,591699,"Jeff Haymes, Washington Department of Fish and Wildlife, Olympia, WA",""
"143",143,"Pink","Fraser-Pink","49.12333","123.0569","WC","BC",1961,2001,21,19725000,2.6e+07,"PSC. 2012. Report of the Fraser River Panel to the Pacific Salmon Commission on the 2007 Fraser River Sockeye and Pink Salmon Fishing Season. Technical report, Pacific Salmon Commission, Vancouver, BC",""
"144",144,"Pink","BC South (no Fraser)-Pink","50.28778","125.2008","WC","BC",1953,2008,56,5021355,7518783,"Pieter Van Will, Fisheries and Oceans Canada (DFO), Port Hardy, BC","Statistical Areas 11-16"
"145",145,"Pink","Area 10-Pink","51.28722","127.6819","WC","BC",1980,2007,23,101868,223633,"David Peacock, Fisheries and Oceans Canada (DFO), Prince Rupert, BC",""
"146",146,"Pink","Area 9-Pink","51.46556","127.7422","WC","BC",1980,2008,29,2097975,2097975,"David Peacock, Fisheries and Oceans Canada (DFO), Prince Rupert, BC",""
"147",147,"Pink","Area 8-Pink","51.62194","127.8289","WC","BC",1980,2008,29,6223585,12795649,"David Peacock, Fisheries and Oceans Canada (DFO), Prince Rupert, BC",""
"148",148,"Pink","Area 7-Pink","52.12916","128.380149","WC","BC",1980,2008,29,820377,1430120,"David Peacock, Fisheries and Oceans Canada (DFO), Prince Rupert, BC",""
"149",149,"Pink","Area 6-Pink","53.08889","129.1992","WC","BC",1980,2008,29,3041512,10388250,"David Peacock, Fisheries and Oceans Canada (DFO), Prince Rupert, BC",""
"150",150,"Pink","Area 5-Pink","53.66302","130.423874","WC","BC",1982,2008,27,786316,1047999,"David Peacock, Fisheries and Oceans Canada (DFO), Prince Rupert, BC",""
"151",151,"Pink","Area 4-Pink","54.247243","130.477433","WC","BC",1982,2008,27,7962665,28393718,"David Peacock, Fisheries and Oceans Canada (DFO), Prince Rupert, BC",""
"152",152,"Pink","Area 3-Pink","54.676678","130.502152","WC","BC",1982,2008,27,1853308,3513689,"David Peacock, Fisheries and Oceans Canada (DFO), Prince Rupert, BC",""
"153",153,"Pink","Area 2W-Pink","52.988408","132.411026","WC","BC",1980,2008,15,492497,996731,"David Peacock, Fisheries and Oceans Canada (DFO), Prince Rupert, BC",""
"154",154,"Pink","Area 2E-Pink","53.0175","131.5778","WC","BC",1980,2008,28,1365470,1718543,"David Peacock, Fisheries and Oceans Canada (DFO), Prince Rupert, BC",""
"155",155,"Pink","Area 1-Pink","54.071771","132.204764","WC","BC",1980,2008,15,4437660,4947640,"David Peacock, Fisheries and Oceans Canada (DFO), Prince Rupert, BC",""
"156",156,"Pink","S SEAK-Pink","55.71556","131.8714","WC","AK",1960,2008,49,29750273,83426596,"Steve Heinl, Alaska Department of Fish and Game (ADFG), Ketchikan, AK; Piston, A. W. and S. C. Heinl. 2011. Pink salmon stock status and escapement goals in Southeast Alaska. Alaska Department of Fish and Game, Special Publication No. 11-18","Districts 101-108"
"157",157,"Pink","N SEAK Outside-Pink","57.17694","135.7869","WC","AK",1960,2008,49,6271490,11292515,"Steve Heinl, Alaska Department of Fish and Game (ADFG), Ketchikan, AK; Piston, A. W. and S. C. Heinl. 2011. Pink salmon stock status and escapement goals in Southeast Alaska. Alaska Department of Fish and Game, Special Publication No. 11-18","Districts 109-112, 114, 115"
"158",158,"Pink","N SEAK Inside-Pink","57.57528","134.7503","WC","AK",1960,2008,49,25094123,61411893,"Steve Heinl, Alaska Department of Fish and Game (ADFG), Ketchikan, AK; Piston, A. W. and S. C. Heinl. 2011. Pink salmon stock status and escapement goals in Southeast Alaska. Alaska Department of Fish and Game, Special Publication No. 11-18","District 113"
"159",159,"Pink","Situk-Pink","59.43353","139.5467","WC","AK",1962,1990,25,525000,553506,"Steve Heinl, Alaska Department of Fish and Game (ADFG), Ketchikan, AK; Clark, J. H. 1995. Biological escapement goals for even and odd-year pink salmon returning to the Situk River and to Humpy Creek near Yakutat Alaska. Alaska Department of Fish and Game, Regional Information Re- port No. 1J95-08 ",""
"160",160,"Pink","Humpy-Pink","59.6444","139.5844","WC","AK",1962,1992,22,225000,304130,"Steve Heinl, Alaska Department of Fish and Game (ADFG), Ketchikan, AK; Clark, J. H. 1995. Biological escapement goals for even and odd-year pink salmon returning to the Situk River and to Humpy Creek near Yakutat Alaska. Alaska Department of Fish and Game, Regional Information Re- port No. 1J95-08 ",""
"161",161,"Pink","PWS-Pink","60.5","147","GOA","AK",1960,2009,50,13578314,27866302,"Steve Moffitt, Alaska Department of Fish and Game (ADFG), Cordova, AK",""
"162",162,"Pink","S CIn-Pink","59.52528","151.48","GOA","AK",1976,2009,34,243700,661500,"Ted Otis, Alaska Department of Fish and Game (ADFG), Homer, AK","Sum of Humpy Creek, Seldovia Bay"
"163",163,"Pink","Outer CIn-Pink","59.38389","150.7528","GOA","AK",1976,2009,34,789129,2223900,"Ted Otis, Alaska Department of Fish and Game (ADFG), Homer, AK","Sum of Port Chatham, Port Dick, Rocky River, Windy Creek, South Nuka"
"164",164,"Pink","Kamishak-Pink","59.27","154.1175","GOA","AK",1976,2009,34,1719239,2162998,"Ted Otis, Alaska Department of Fish and Game (ADFG), Homer, AK","Sum of Bruin River, Sunday Creek, Brown's Peak Creek"
"165",165,"Pink","Afognak-Pink","58.26222","152.5883","GOA","AK",1978,2009,32,1886046,4921462,"Matt Foster, Alaska Department of Fish and Game (ADFG), Kodiak, AK",""
"166",166,"Pink","W Kod-Pink","57.11389","154.4947","GOA","AK",1978,2009,32,9880208,23621882,"Matt Foster, Alaska Department of Fish and Game (ADFG), Kodiak, AK",""
"167",167,"Pink","Alitak-Pink","56.88528","154.1217","GOA","AK",1978,2009,32,7592000,14652000,"Matt Foster, Alaska Department of Fish and Game (ADFG), Kodiak, AK",""
"168",168,"Pink","E Kod-Pink","57.089858","153.187928","GOA","AK",1978,2009,32,5426000,13951000,"Matt Foster, Alaska Department of Fish and Game (ADFG), Kodiak, AK",""
"169",169,"Pink","Mainland Kod-Pink","58.03333","154.6644","GOA","AK",1978,2009,32,7954000,7954000,"Matt Foster, Alaska Department of Fish and Game (ADFG), Kodiak, AK",""
"170",170,"Pink","Chignik Bay-Pink","56.38528","158.2261","GOA","AK",1962,2009,43,180500,313600,"Charles Russell, Alaska Department of Fish and Game (ADFG), Kodiak, AK; Owen, D. and D. Sarafin. 1999. Chignik Management Area Annual Finfish Management Report, 1996. Technical report, Regional Information Report No. 4K99-33, Alaska Department of Fish and Game ",""
"171",171,"Pink","Central Chig-Pink","56.59639","157.9933","GOA","AK",1962,2009,48,715500,1198175,"Charles Russell, Alaska Department of Fish and Game (ADFG), Kodiak, AK; Owen, D. and D. Sarafin. 1999. Chignik Management Area Annual Finfish Management Report, 1996. Technical report, Regional Information Report No. 4K99-33, Alaska Department of Fish and Game ",""
"172",172,"Pink","E Chig-Pink","56.98528","156.5806","GOA","AK",1962,2009,48,1470200,2011766,"Charles Russell, Alaska Department of Fish and Game (ADFG), Kodiak, AK; Owen, D. and D. Sarafin. 1999. Chignik Management Area Annual Finfish Management Report, 1996. Technical report, Regional Information Report No. 4K99-33, Alaska Department of Fish and Game ",""
"173",173,"Pink","W Chig-Pink","56.06667","158.6756","GOA","AK",1962,2009,48,554700,1373782,"Charles Russell, Alaska Department of Fish and Game (ADFG), Kodiak, AK; Owen, D. and D. Sarafin. 1999. Chignik Management Area Annual Finfish Management Report, 1996. Technical report, Regional Information Report No. 4K99-33, Alaska Department of Fish and Game ",""
"174",174,"Pink","Perryville-Pink","55.85417","159.3314","GOA","AK",1962,2009,48,582100,1480800,"Charles Russell, Alaska Department of Fish and Game (ADFG), Kodiak, AK; Owen, D. and D. Sarafin. 1999. Chignik Management Area Annual Finfish Management Report, 1996. Technical report, Regional Information Report No. 4K99-33, Alaska Department of Fish and Game ",""
"175",175,"Pink","SE-SC AKPen-Pink","55.5","161","BS","AK",1962,2009,48,5969710,15767364,"Matt Foster, Alaska Department of Fish and Game (ADFG), Kodiak, AK","Sum of Southeastern and Southcentral Districts"
"176",176,"Pink","SW-Unimak-Pink","54.5","163.5","BS","AK",1962,2009,48,2341700,6762894,"Matt Foster, Alaska Department of Fish and Game (ADFG), Kodiak, AK","Sum of Southwestern and Unimak Districts"
"177",177,"Pink","NW AKPen-Pink","54.982","163.37","BS","AK",1962,2009,47,216600,558182,"Matt Foster, Alaska Department of Fish and Game (ADFG), Kodiak, AK",""
"178",178,"Pink","Nushagak-Pink","58.62222","158.5911","BS","AK",1958,2002,23,9161784,13510120,NA,""
"179",179,"Pink","Unalakleet-Pink","63.86944","160.7878","BS","AK",1970,2009,28,458387,637424,"Jenefer Bell, Alaska Department of Fish and Game (ADFG), Nome, AK; Menard, J., J. Soong, and S. Kent. 2011. 2009 Annual Management Report Norton Sound, Port Clarence, and Kotzebue. Technical report, Fishery Management Report No. 11-46, Alaska Department of Fish and Game",""
"180",180,"Pink","Nome-Pink","64.4828","165.305","BS","AK",1971,2009,39,2212155,2229337,"Jenefer Bell, Alaska Department of Fish and Game (ADFG), Nome, AK; Menard, J., J. Soong, and S. Kent. 2011. 2009 Annual Management Report Norton Sound, Port Clarence, and Kotzebue. Technical report, Fishery Management Report No. 11-46, Alaska Department of Fish and Game",""
"181",181,"Pink","Moses-Norton-Pink","65.748","161.78","BS","AK",1963,2009,47,1288531,1342124,"Jenefer Bell, Alaska Department of Fish and Game (ADFG), Nome, AK; Menard, J., J. Soong, and S. Kent. 2011. 2009 Annual Management Report Norton Sound, Port Clarence, and Kotzebue. Technical report, Fishery Management Report No. 11-46, Alaska Department of Fish and Game","Sum of Moses Point and Norton Bay Subdistricts"
"182",182,"Chinook","Ayakulik-Chinook","57.1978276","-154.53849","GOA","AK",1977,2009,33,24425,31883,"http://www.adfg.alaska.gov/static/regulations/regprocess/fisheriesboard/pdfs/2016-2017/kodiak/FMS16-09.pdf",NA
"183",183,"Chinook","Karluk-Chinook","57.563","-154.3843","GOA","AK",1976,2009,34,13742,19443,"http://www.adfg.alaska.gov/static/regulations/regprocess/fisheriesboard/pdfs/2016-2017/kodiak/FMS16-09.pdf",NA
"184",184,"Chinook","Chignik-Chinook","56.2615981","-158.71224","GOA","AK",1980,2008,29,7633,12008,"http://www.adfg.alaska.gov/FedAidPDFs/FMS15-02.pdf",NA
"185",185,"Chinook","Nelson-Chinook","55.810523","-161.25646","GOA","AK",1981,1996,16,12561,11131,"http://www.sf.adfg.state.ak.us/FedAidPDFs/fms06-03.pdf",NA
"186",186,"Chinook","Goodnews-Chinook","59.15992","-160.6119","BS","AK",1981,2001,21,6027,9084,"http://www.adfg.alaska.gov/FedAidPDFs/FDS10-08.pdf",NA
"187",187,"Chinook","Andrew Creek-Chinook","56.63997","-132.2","GOA","AK",1979,2004,14,3068,3612,"http://www.sf.adfg.state.ak.us/FedAidPDFs/sp05-22Chapter1.pdf",NA
"188",188,"Chinook","Chickamin-Chinook","55.8174772","-130.93326","GOA","AK",1985,2004,20,8097,9337,"http://www.sf.adfg.state.ak.us/FedAidPDFs/sp05-22Chapter1.pdf",NA
"189",189,"Chinook","Chilkat-Chinook","59.3721353","-135.94325","GOA","AK",1991,1997,7,8100,12932,"http://www.sf.adfg.state.ak.us/FedAidPDFs/sp05-22Chapter1.pdf",NA
"190",190,"Chinook","King Salmon River-Chinook","58.0420026","-134.34145","GOA","AK",1982,2004,17,389,409,"http://www.sf.adfg.state.ak.us/FedAidPDFs/sp05-22Chapter1.pdf",NA
"191",191,"Chinook","Stikine-Chinook","56.6917175","-132.21863","GOA","AK",1977,1997,21,58962,110134,"http://www.sf.adfg.state.ak.us/FedAidPDFs/sp05-22Chapter1.pdf",NA
"192",192,"Chinook","Unuk-Chinook","56.0768125","-131.077","GOA","AK",1982,2004,21,10541,17147,"http://www.sf.adfg.state.ak.us/FedAidPDFs/sp05-22Chapter1.pdf",NA
"193",193,"Chinook","Alsek/Klukshu-Chinook","60.11632","-137.033","GOA","AK",1976,1990,15,3104,8320,"http://www.sf.adfg.state.ak.us/FedAidPDFs/sp05-22Chapter1.pdf",NA
"194",194,"Chinook","Situk-Chinook","59.4579521","-139.57143","GOA","AK",1977,1998,22,4330,16420,"http://www.sf.adfg.state.ak.us/FedAidPDFs/sp05-22Chapter1.pdf",NA
"195",195,"Chinook","Keta-Chinook","55.3360159","-130.47574","GOA","AK",1998,2004,7,1233,1233,"http://www.sf.adfg.state.ak.us/FedAidPDFs/sp05-22Chapter1.pdf",NA
"196",196,"Chinook","Blossom-Chinook","55.402008","-130.60741","GOA","AK",1998,2005,8,924,1626,"http://www.sf.adfg.state.ak.us/FedAidPDFs/sp05-22Chapter1.pdf",NA
"197",197,"Chinook","Kuskokwim-Chinook","60.0407","-162.4261","BS","AK",1985,2003,18,242616,502455,"http://www.aykssi.org/wp-content/uploads/BUE-et-Al-2012-Kusko-Escapement-Goal-FDS12-49.pdf",NA
"198",198,"Chinook","Nushagak-Chinook","58.9061423","-157.73358","GOA","AK",1966,2005,40,331270,711779,"http://www.adfg.alaska.gov/FedAidPDFs/FMS12-05.pdf",NA
"199",199,"Chinook","Kenai (early)-Chinook","60.5096525","-151.10697","GOA","AK",1986,1994,9,18682,21816,"http://www.sf.adfg.state.ak.us/FedAidpdfs/Fds03-02.pdf",NA
"200",200,"Chinook","Kenai (late)-Chinook","60.5096525","-151.10697","GOA","AK",1986,2000,15,47375,97397,"http://www.adfg.alaska.gov/FedAidPDFs/fds10-96.pdf",NA
"201",201,"Chinook","Unalakleet-Chinook","63.89104","-160.47841","BS","AK",1996,1998,3,10842,7937,"Karalea Cantera, DFO, 2022",NA
"202",202,"Chinook","Cowichan-Chinook","48.7581","-123.6242","WC","BC",1989,2016,28,22300,29349,"Karalea Cantera, DFO, 2022",NA
"203",203,"Chinook","Harrison-Chinook","49.12","-123.06","WC","BC",1984,2016,33,247401,620514,"11","NA"
"204",204,"Chinook","Lower Shuswap-Chinook","49.12","-123.06","WC","BC",1997,2016,20,71133,150198,"12","NA"
"205",205,"Chinook","Nicola-Chinook","49.12","-123.06","WC","BC",1992,2013,22,17291,17044,NA,"NA"
"206",206,"Coho","Buskin River-Coho","57.75812","-152.4784","GOA","AK",1989,2010,22,16235,21379,"FMS16-09.pdf",NA
"207",207,"Coho","Kuskokwim River-Coho","61.10037","-160.9961","BS","AK",2000,2006,7,2375943,1752922,"fds15-18.pdf",NA
"208",208,"Coho","Auke Creek-Coho","58.38052","-134.6419","GOA","AK",1980,1986,7,942,2006,"RIR.1J.1994.26",NA
"209",209,"Coho","Berners River-Coho","58.8464","-134.97","GOA","AK",1982,2010,27,41089,60491,"Leon Shaul; RIR.1J.1994.26",NA
"210",210,"Coho","Ford Arm Lake-Coho","57.58192","-135.9153","GOA","AK",1982,1986,4,2662,5545,"RIR.1J.1994.26",NA
"211",211,"Coho","Hugh Smith Lake-Coho","55.09855","-130.6461","GOA","AK",1982,1986,5,2144,3698,"RIR.1J.1994.26",NA
"212",212,"Coho","Akwe River-Coho","59.2929349","-139.09307","GOA","AK",1972,1986,15,15000,31283,"RIR.1J.1994.14",NA
"213",213,"Coho","East Alsek River-Coho","59.10379","-138.5086","GOA","AK",1972,1988,17,13000,44378,"RIR.1J.1994.14",NA
"214",214,"Coho","Italio River-Coho","59.3129858","-139.15364","GOA","AK",1972,1988,16,8000,20955,"RIR.1J.1994.14",NA
"215",215,"Coho","Kaliakh River-Coho","60.0873","-142.9378","GOA","AK",1973,1988,12,37500,62664,"RIR.1J.1994.14",NA
"216",216,"Coho","Lost River-Coho","59.45382","-139.6239","GOA","AK",1972,1988,17,10400,35361,"RIR.1J.1994.14",NA
"217",217,"Coho","Situk River-Coho","59.44609","-139.5678","GOA","AK",1972,1988,17,14000,145631,"RIR.1J.1994.14",NA
"218",218,"Coho","Tsiu River-Coho","60.0777512","-143.09116","GOA","AK",1973,1988,16,52350,158677,"RIR.1J.1994.14",NA
"219",219,"Coho","Middle_Fraser-Coho","49.12","-123.06","WC","BC",1998,2016,19,13600,13251,"Michael Arbeider, DFO, 2022",NA
"220",220,"Coho","Fraser_Canyon-Coho","49.12","-123.06","WC","BC",1998,2016,19,5971,6684,"Michael Arbeider, DFO, 2022",NA
"221",221,"Coho","Lower_Thompson-Coho","49.12","-123.06","WC","BC",1998,2016,19,16053,15582,"Michael Arbeider, DFO, 2022",NA
"222",222,"Coho","North_Thompson-Coho","49.12","-123.06","WC","BC",1998,2016,19,27238,26750,"Michael Arbeider, DFO, 2022",NA
"223",223,"Coho","South_Thompson-Coho","49.12","-123.06","WC","BC",1998,2016,19,15850,17619,"Michael Arbeider, DFO, 2022",NA
"224",224,"","-","59.1348","-138.6067","",NA,NA,NA,0,NA,NA,NA,NA
"225",225,"Chinook","Alsek-Klukshu-Chinook","46.2508","-124.0143","GOA","AK",1976,1990,15,3104,8320,NA,NA
"226",226,"Chinook","Bear Valley Creek-Chinook","46.2508","-124.0143","WC","WA",1957,2008,52,2377,6621,NA,NA
"227",227,"Chinook","Big Creek-Chinook","46.2508","-124.0143","WC","WA",1957,2008,52,1838,3595,NA,NA
"228",228,"Chinook","Camas Creek-Chinook","46.2508","-124.0143","WC","WA",1960,2008,42,554,1260,NA,NA
"229",229,"Chinook","Catherine Creek-Chinook","46.2508","-124.0143","WC","WA",1955,2007,53,3161,4852,NA,NA
"230",230,"Chinook","East Fork Salmon River-Chinook","46.2508","-124.0143","WC","WA",1957,2008,52,3747,8089,NA,NA
"231",231,"Chinook","East Fork South Fork Salmon River-Chinook","46.2508","-124.0143","WC","WA",1957,2008,52,1904,3043,NA,NA
"232",232,"Chinook","Entiat River-Chinook","46.2508","-124.0143","WC","WA",1960,2007,48,1489,2397,NA,NA
"233",233,"Chinook","Grande Ronde River Upper Mainstem-Chinook","46.2508","-124.0143","WC","WA",1955,2007,53,1029,2399,NA,NA
"234",234,"Chinook","Imnaha River Mainstem-Chinook","46.2508","-124.0143","WC","WA",1956,2007,52,6267,5254,NA,NA
"235",235,"Chinook","Lemhi River-Chinook","46.2508","-124.0143","WC","WA",1957,2008,52,3658,9378,NA,NA
"236",236,"Chinook","Loon Creek-Chinook","46.2508","-124.0143","WC","WA",1957,2008,38,1090,2163,NA,NA
"237",237,"Chinook","Marsh Creek-Chinook","46.2508","-124.0143","WC","WA",1957,2008,52,1845,3952,NA,NA
"238",238,"Chinook","Methow River-Chinook","46.2508","-124.0143","WC","WA",1960,2008,49,10971,11778,NA,NA
"239",239,"Chinook","Middle Fork Salmon River Lower Mainstem-Chinook","46.2508","-124.0143","WC","WA",1957,2008,35,246,369,NA,NA
"240",240,"Chinook","Middle Fork Salmon River Upper Mainstem-Chinook","46.2508","-124.0143","WC","WA",1957,2008,29,1814,2971,NA,NA
"241",241,"Chinook","Minam River-Chinook","46.2508","-124.0143","WC","WA",1956,2007,52,4104,3686,NA,NA
"242",242,"Chinook","Salmon River Lower Mainstem-Chinook","46.2508","-124.0143","WC","WA",1957,2008,45,4888,3300,NA,NA
"243",243,"Chinook","Salmon River Upper Mainstem-Chinook","46.2508","-124.0143","WC","WA",1957,2008,52,4612,6334,NA,NA
"244",244,"Chinook","Secesh River-Chinook","46.2508","-124.0143","WC","WA",1957,2008,52,1759,3006,NA,NA
"245",245,"Chinook","South Fork Salmon River-Chinook","46.2508","-124.0143","WC","WA",1957,2008,52,6310,9832,NA,NA
"246",246,"Chinook","Sulphur Creek-Chinook","46.2508","-124.0143","WC","WA",1957,2008,52,693,1399,NA,NA
"247",247,"Chinook","Tucannon River-Chinook","46.2508","-124.0143","WC","WA",1980,2006,27,852,1635,NA,NA
"248",248,"Chinook","Valley Creek-Chinook","46.2508","-124.0143","WC","WA",1957,2008,52,1431,2895,NA,NA
"249",249,"Chinook","Wallowa/Lostine Rivers-Chinook","46.2508","-124.0143","WC","WA",1959,2007,49,1585,4813,NA,NA
"250",250,"Chinook","Wenaha River-Chinook","46.2508","-124.0143","WC","WA",1963,2007,45,2682,4467,NA,NA
"251",251,"Chinook","Wenatchee River-Chinook","46.2508","-124.0143","WC","WA",1960,2007,48,6718,11039,NA,NA
"252",252,"Chinook","Yankee Fork-Chinook","47.5039","-122.2169","WC","WA",1960,2008,42,1934,2859,NA,NA
"253",253,"Chinook","Cedar River-Chinook","47.5925","-122.36","WC","WA",1965,2010,46,2223,6753,NA,NA
"254",254,"Chinook","Green River-Chinook","48.3677","-122.5141","WC","WA",1968,2011,44,11569,41177,NA,NA
"255",255,"Chinook","Lower Sauk River-Chinook","48.3677","-122.5141","WC","WA",1952,2010,59,3991,26076,NA,NA
"256",256,"Chinook","Lower Skagit River-Chinook","47.6393","-122.9299","WC","WA",1952,2010,59,9328,57603,NA,NA
"257",257,"Chinook","Mid-Hood Canal-Chinook","47.0996","-122.7029","WC","WA",1968,2010,43,1773,19355,NA,NA
"258",258,"Chinook","Nisqually River-Chinook","48.2465","-122.3957","WC","WA",1968,2010,43,3527,31559,NA,NA
"259",259,"Chinook","North Fork Stillaguamish River-Chinook","47.2472","-122.4289","WC","WA",1974,2010,37,1849,94076,NA,NA
"260",260,"Chinook","Puyallup River-Chinook","47.3436","-123.1212","WC","WA",1968,2011,44,5369,19442,NA,NA
"261",261,"Chinook","Skokomish River-Chinook","48.0206","-122.2122","WC","WA",1968,2010,43,3193,13853,NA,NA
"262",262,"Chinook","Skykomish River-Chinook","48.0206","-122.2122","WC","WA",1965,2010,46,7703,103029,NA,NA
"263",263,"Chinook","Snoqualmie River-Chinook","48.2465","-122.3957","WC","WA",1965,2010,46,3726,9412,NA,NA
"264",264,"Chinook","South Fork Stillaguamish River-Chinook","48.3677","-122.5141","WC","WA",1974,2010,37,391,14690,NA,NA
"265",265,"Chinook","Suiattle River-Chinook","48.3677","-122.5141","WC","WA",1952,2003,52,1807,9369,NA,NA
"266",266,"Chinook","Upper Sauk River-Chinook","48.3677","-122.5141","WC","WA",1952,2010,59,3425,22302,NA,NA
"267",267,"Chinook","Upper Skagit River-Chinook","47.2472","-122.4289","WC","WA",1952,2010,59,21183,111273,NA,NA
"268",268,"Chinook","White River-Chinook","46.2508","-124.0143","WC","WA",1965,2011,47,10734,7544,NA,NA
"269",269,"Chinook","Clackamas River-Chinook","46.2508","-124.0143","WC","OR",1974,2002,29,5592,11616,NA,NA
"270",270,"Chinook","Coweeman River-Chinook","46.2508","-124.0143","WC","OR",1964,2008,45,2549,4360,NA,NA
"271",271,"Chinook","Elochoman River-Chinook","46.2508","-124.0143","WC","OR",1964,2008,45,7893,15888,NA,NA
"272",272,"Chinook","Grays and Chinook Rivers-Chinook","46.2508","-124.0143","WC","OR",1964,2008,45,2685,5258,NA,NA
"273",273,"Chinook","Kalama River-Chinook","46.2508","-124.0143","WC","OR",1964,2008,45,24710,45859,NA,NA
"274",274,"Chinook","Lewis River Fall-run-Chinook","46.2508","-124.0143","WC","OR",1964,2008,45,2142,2449,NA,NA
"275",275,"Chinook","Lewis River Late fall-Chinook","46.2508","-124.0143","WC","OR",1964,2007,44,20058,37150,NA,NA
"276",276,"Chinook","Lower Cowlitz River-Chinook","46.2508","-124.0143","WC","OR",1964,2007,44,22758,43359,NA,NA
"277",277,"Chinook","McKenzie River-Chinook","46.2508","-124.0143","WC","OR",1970,2008,39,7795,13311,NA,NA
"278",278,"Chinook","Toutle River-Chinook","46.2508","-124.0143","WC","OR",1964,2008,32,13943,16811,NA,NA
"279",279,"Chinook","Upper Gorge Tributaries-Chinook","46.2508","-124.0143","WC","OR",1964,2003,40,1801,3004,NA,NA
"280",280,"Chinook","White Salmon River-Chinook","46.2508","-124.0143","WC","OR",1965,2003,39,11480,14887,NA,NA
"281",281,"Coho","Clackamas River-Coho","46.2508","-124.0143","WC","OR",1968,2010,43,14335,25697,NA,NA
"282",282,"Coho","Sandy River-Coho","44.6175","-124.1093","WC","OR",1974,2010,34,2558,7972,NA,NA
"283",283,"Coho","OCN Rivers-Coho","44.6175","-124.1093","WC","OR",1970,2014,45,330000,451152,NA,NA
"284",284,"Coho","OCN Lakes-Coho","46.2508","-124.0143","WC","OR",1970,2014,45,38700,171785,NA,NA
"285",285,"Coho","Clackamas River Early-Coho","46.2508","-124.0143","WC","OR",1973,2014,42,6940,7968,NA,NA
"286",286,"Coho","Clackamas River Late-Coho",NA,NA,"WC","OR",1973,2011,39,3067,11522,NA,NA
